,math_score,history_score,geography_score,english_score,biology_score
math_score,1.0,0.14724747334065208,0.04967232733346648,0.13483078319229128,0.08129805625725989
history_score,0.14724747334065208,1.0,0.06575135132629888,0.14719288281158385,0.08850197099828469
geography_score,0.04967232733346648,0.06575135132629888,1.0,0.07224979210256072,0.10652590905229725
english_score,0.13483078319229128,0.14719288281158385,0.07224979210256072,1.0,0.07422690964696231
biology_score,0.08129805625725989,0.08850197099828469,0.10652590905229725,0.07422690964696231,1.0
